Date,High,Low,Open,Close,Volume,Adj Close
2012-01-03,29.5,27.649999618530273,28.940000534057617,28.079999923706055,928100,28.079999923706055
2012-01-04,28.670000076293945,27.5,28.209999084472656,27.709999084472656,630100,27.709999084472656
2012-01-05,27.93000030517578,26.850000381469727,27.760000228881836,27.1200008392334,1005500,27.1200008392334
2012-01-06,27.790000915527344,26.40999984741211,27.200000762939453,26.90999984741211,986300,26.90999984741211
2012-01-09,27.489999771118164,26.1200008392334,27.0,27.25,897000,27.25
2012-01-10,27.760000228881836,27.25,27.440000534057617,27.6200008392334,671800,27.6200008392334
2012-01-11,28.3799991607666,27.299999237060547,27.6200008392334,28.229999542236328,672300,28.229999542236328
2012-01-12,28.6200008392334,27.809999465942383,28.479999542236328,28.25,729300,28.25
2012-01-13,28.5,22.639999389648438,28.399999618530273,22.790000915527344,5500400,22.790000915527344
2012-01-17,27.34000015258789,26.40999984741211,26.6200008392334,26.600000381469727,4651600,26.600000381469727
2012-01-18,26.8799991607666,26.25,26.690000534057617,26.809999465942383,1260200,26.809999465942383
2012-01-19,27.739999771118164,26.610000610351562,27.190000534057617,26.760000228881836,1246300,26.760000228881836
2012-01-20,27.0,26.399999618530273,26.899999618530273,26.600000381469727,662300,26.600000381469727
2012-01-23,27.209999084472656,26.600000381469727,26.809999465942383,26.770000457763672,594600,26.770000457763672
2012-01-24,27.68000030517578,26.440000534057617,26.6299991607666,27.420000076293945,858000,27.420000076293945
2012-01-25,28.010000228881836,27.049999237060547,27.270000457763672,27.969999313354492,611200,27.969999313354492
2012-01-26,29.579999923706055,28.0,28.06999969482422,28.940000534057617,1271100,28.940000534057617
2012-01-27,29.719999313354492,28.5,28.5,29.329999923706055,748400,29.329999923706055
2012-01-30,29.610000610351562,28.530000686645508,29.489999771118164,29.56999969482422,729000,29.56999969482422
2012-01-31,30.0,28.8700008392334,29.899999618530273,29.06999969482422,956400,29.06999969482422
2012-02-01,29.700000762939453,29.0,29.06999969482422,29.579999923706055,523200,29.579999923706055
2012-02-02,30.8799991607666,29.610000610351562,29.719999313354492,30.25,805700,30.25
2012-02-03,31.329999923706055,30.25,30.40999984741211,31.149999618530273,764500,31.149999618530273
2012-02-06,31.899999618530273,31.049999237060547,31.100000381469727,31.799999237060547,652100,31.799999237060547
2012-02-07,31.799999237060547,30.81999969482422,31.799999237060547,31.600000381469727,1021600,31.600000381469727
2012-02-08,32.0099983215332,31.290000915527344,31.600000381469727,31.93000030517578,623700,31.93000030517578
2012-02-09,32.900001525878906,31.43000030517578,32.0,32.58000183105469,1277100,32.58000183105469
2012-02-10,32.27000045776367,29.84000015258789,32.2599983215332,31.100000381469727,1874200,31.100000381469727
2012-02-13,32.060001373291016,30.899999618530273,31.549999237060547,31.489999771118164,1157900,31.489999771118164
2012-02-14,33.790000915527344,31.399999618530273,31.739999771118164,33.16999816894531,1810800,33.16999816894531
2012-02-15,34.40999984741211,32.27000045776367,33.099998474121094,33.599998474121094,2761800,33.599998474121094
2012-02-16,34.5099983215332,32.540000915527344,33.5,34.18000030517578,2219700,34.18000030517578
2012-02-17,34.970001220703125,33.5,33.9900016784668,34.970001220703125,1376700,34.970001220703125
2012-02-21,34.869998931884766,33.810001373291016,34.869998931884766,34.5,1135800,34.5
2012-02-22,34.720001220703125,32.5,34.5,34.220001220703125,1654600,34.220001220703125
2012-02-23,34.970001220703125,33.560001373291016,33.9900016784668,34.529998779296875,820400,34.529998779296875
2012-02-24,34.52000045776367,33.27000045776367,34.22999954223633,33.75,959900,33.75
2012-02-27,34.0,33.0,33.40999984741211,33.619998931884766,606000,33.619998931884766
2012-02-28,34.439998626708984,33.16999816894531,33.63999938964844,33.810001373291016,612200,33.810001373291016
2012-02-29,34.119998931884766,33.13999938964844,33.810001373291016,33.40999984741211,535700,33.40999984741211
2012-03-01,34.5,33.310001373291016,33.5099983215332,34.40999984741211,703500,34.40999984741211
2012-03-02,34.5,33.709999084472656,34.400001525878906,34.040000915527344,550000,34.040000915527344
2012-03-05,34.400001525878906,33.459999084472656,34.349998474121094,33.77000045776367,467000,33.77000045776367
2012-03-06,33.279998779296875,32.619998931884766,33.25,33.11000061035156,573800,33.11000061035156
2012-03-07,33.310001373291016,32.90999984741211,33.119998931884766,33.119998931884766,364900,33.119998931884766
2012-03-08,33.4900016784668,33.040000915527344,33.11000061035156,33.06999969482422,633300,33.06999969482422
2012-03-09,35.310001373291016,33.20000076293945,33.20000076293945,34.7400016784668,1553400,34.7400016784668
2012-03-12,36.290000915527344,34.599998474121094,34.689998626708984,36.0099983215332,1963300,36.0099983215332
2012-03-13,36.59000015258789,35.5,36.5099983215332,36.09000015258789,1001600,36.09000015258789
2012-03-14,36.0,34.79999923706055,36.0,35.290000915527344,851500,35.290000915527344
2012-03-15,35.47999954223633,34.779998779296875,35.279998779296875,35.0,571600,35.0
2012-03-16,35.88999938964844,34.83000183105469,34.900001525878906,35.31999969482422,729300,35.31999969482422
2012-03-19,35.31999969482422,34.540000915527344,35.2599983215332,34.97999954223633,1015600,34.97999954223633
2012-03-20,35.20000076293945,34.56999969482422,34.97999954223633,34.959999084472656,567000,34.959999084472656
2012-03-21,35.29999923706055,34.599998474121094,34.939998626708984,35.150001525878906,607200,35.150001525878906
2012-03-22,35.150001525878906,34.29999923706055,34.970001220703125,34.400001525878906,522400,34.400001525878906
2012-03-23,34.630001068115234,33.150001525878906,34.2599983215332,34.08000183105469,1170600,34.08000183105469
2012-03-26,38.09000015258789,35.040000915527344,35.59000015258789,37.400001525878906,3140500,37.400001525878906
2012-03-27,39.95000076293945,37.029998779296875,37.15999984741211,37.939998626708984,2539200,37.939998626708984
2012-03-28,38.439998626708984,37.11000061035156,37.779998779296875,37.849998474121094,955000,37.849998474121094
2012-03-29,38.189998626708984,37.029998779296875,38.189998626708984,37.33000183105469,796400,37.33000183105469
2012-03-30,37.939998626708984,36.68000030517578,37.52000045776367,37.2400016784668,886400,37.2400016784668
2012-04-02,37.970001220703125,36.529998779296875,37.33000183105469,36.58000183105469,1028600,36.58000183105469
2012-04-03,38.470001220703125,36.66999816894531,36.70000076293945,38.0099983215332,1098100,38.0099983215332
2012-04-04,35.4900016784668,34.689998626708984,35.27000045776367,35.0,4481800,35.0
2012-04-05,35.439998626708984,34.40999984741211,35.099998474121094,34.47999954223633,1509400,34.47999954223633
2012-04-09,34.290000915527344,33.099998474121094,34.099998474121094,33.150001525878906,1655700,33.150001525878906
2012-04-10,33.849998474121094,32.099998474121094,33.150001525878906,32.459999084472656,1847700,32.459999084472656
2012-04-11,33.290000915527344,32.0099983215332,33.2400016784668,33.09000015258789,1105500,33.09000015258789
2012-04-12,34.47999954223633,32.91999816894531,33.77000045776367,33.439998626708984,1033900,33.439998626708984
2012-04-13,34.040000915527344,32.849998474121094,33.939998626708984,33.59000015258789,649600,33.59000015258789
2012-04-16,33.70000076293945,32.09000015258789,33.40999984741211,32.25,1099600,32.25
2012-04-17,33.06999969482422,32.040000915527344,32.43000030517578,32.2400016784668,1115500,32.2400016784668
2012-04-18,32.75,31.530000686645508,32.09000015258789,32.65999984741211,823100,32.65999984741211
2012-04-19,33.43000030517578,32.5,32.75,33.15999984741211,774900,33.15999984741211
2012-04-20,33.72999954223633,32.939998626708984,33.13999938964844,33.15999984741211,821800,33.15999984741211
2012-04-23,32.970001220703125,31.709999084472656,32.86000061035156,31.940000534057617,890800,31.940000534057617
2012-04-24,32.20000076293945,31.0,31.81999969482422,31.81999969482422,674500,31.81999969482422
2012-04-25,32.9900016784668,32.06999969482422,32.06999969482422,32.90999984741211,712200,32.90999984741211
2012-04-26,33.52000045776367,32.90999984741211,32.959999084472656,33.4900016784668,425300,33.4900016784668
2012-04-27,33.630001068115234,32.90999984741211,33.599998474121094,33.34000015258789,591000,33.34000015258789
2012-04-30,33.36000061035156,32.58000183105469,33.27000045776367,33.130001068115234,413900,33.130001068115234
2012-05-01,34.209999084472656,33.130001068115234,33.130001068115234,33.779998779296875,659000,33.779998779296875
2012-05-02,34.38999938964844,33.38999938964844,33.5,33.939998626708984,497300,33.939998626708984
2012-05-03,34.0,32.130001068115234,33.90999984741211,32.459999084472656,841300,32.459999084472656
2012-05-04,32.459999084472656,31.399999618530273,32.31999969482422,31.829999923706055,1247500,31.829999923706055
2012-05-07,32.58000183105469,31.610000610351562,31.959999084472656,32.470001220703125,1158000,32.470001220703125
2012-05-08,32.72999954223633,29.3700008392334,32.5,30.190000534057617,3097200,30.190000534057617
2012-05-09,30.770000457763672,29.760000228881836,30.299999237060547,30.059999465942383,1947900,30.059999465942383
2012-05-10,34.68000030517578,32.400001525878906,32.970001220703125,32.959999084472656,5556300,32.959999084472656
2012-05-11,33.439998626708984,32.15999984741211,32.4900016784668,32.25,1221300,32.25
2012-05-14,32.130001068115234,30.049999237060547,31.920000076293945,30.059999465942383,1380900,30.059999465942383
2012-05-15,30.959999084472656,29.219999313354492,30.260000228881836,29.43000030517578,1585700,29.43000030517578
2012-05-16,30.18000030517578,28.8799991607666,29.579999923706055,29.18000030517578,1257100,29.18000030517578
2012-05-17,29.790000915527344,28.239999771118164,29.299999237060547,28.56999969482422,1149000,28.56999969482422
2012-05-18,28.459999084472656,26.829999923706055,28.3700008392334,27.559999465942383,1616500,27.559999465942383
2012-05-21,29.260000228881836,27.1200008392334,27.579999923706055,28.770000457763672,1475200,28.770000457763672
2012-05-22,31.34000015258789,30.0,30.100000381469727,30.799999237060547,2366200,30.799999237060547
2012-05-23,31.049999237060547,29.5,30.559999465942383,31.020000457763672,1220400,31.020000457763672
2012-05-24,31.25,29.690000534057617,31.25,30.280000686645508,1075600,30.280000686645508
2012-05-25,30.40999984741211,29.200000762939453,30.15999984741211,29.809999465942383,757000,29.809999465942383
2012-05-29,31.93000030517578,30.010000228881836,30.010000228881836,31.690000534057617,1650000,31.690000534057617
2012-05-30,31.420000076293945,30.239999771118164,31.079999923706055,30.40999984741211,1307200,30.40999984741211
2012-05-31,30.290000915527344,28.75,30.06999969482422,29.5,1118700,29.5
2012-06-01,29.15999984741211,27.760000228881836,28.530000686645508,28.149999618530273,885800,28.149999618530273
2012-06-04,28.40999984741211,27.110000610351562,28.030000686645508,27.8799991607666,1030900,27.8799991607666
2012-06-05,28.389999389648438,27.559999465942383,27.84000015258789,27.90999984741211,630900,27.90999984741211
2012-06-06,29.450000762939453,28.139999389648438,28.200000762939453,29.219999313354492,909900,29.219999313354492
2012-06-07,29.8700008392334,28.850000381469727,29.809999465942383,28.93000030517578,492100,28.93000030517578
2012-06-08,30.190000534057617,28.149999618530273,28.860000610351562,30.079999923706055,881100,30.079999923706055
2012-06-11,31.0,28.959999084472656,30.309999465942383,29.1200008392334,636000,29.1200008392334
2012-06-12,29.84000015258789,28.809999465942383,29.229999542236328,29.65999984741211,569000,29.65999984741211
2012-06-13,30.639999389648438,29.469999313354492,29.549999237060547,29.770000457763672,844100,29.770000457763672
2012-06-14,30.649999618530273,28.6200008392334,30.18000030517578,29.389999389648438,872200,29.389999389648438
2012-06-15,29.950000762939453,28.809999465942383,29.389999389648438,29.90999984741211,646800,29.90999984741211
2012-06-18,32.33000183105469,29.5,29.940000534057617,31.84000015258789,1256800,31.84000015258789
2012-06-19,32.65999984741211,31.5,32.02000045776367,32.09000015258789,911100,32.09000015258789
2012-06-20,34.5,33.209999084472656,33.5,33.779998779296875,3422400,33.779998779296875
2012-06-21,34.279998779296875,31.84000015258789,34.2599983215332,32.189998626708984,1891900,32.189998626708984
2012-06-22,33.97999954223633,32.459999084472656,32.599998474121094,33.790000915527344,3046600,33.790000915527344
2012-06-25,34.119998931884766,32.75,33.939998626708984,33.11000061035156,1498500,33.11000061035156
2012-06-26,32.349998474121094,31.389999389648438,32.04999923706055,31.610000610351562,2613900,31.610000610351562
2012-06-27,32.45000076293945,31.56999969482422,31.899999618530273,31.959999084472656,1047200,31.959999084472656
2012-06-28,32.11000061035156,30.6200008392334,31.899999618530273,31.40999984741211,914100,31.40999984741211
2012-06-29,32.79999923706055,31.0,32.79999923706055,31.290000915527344,1125800,31.290000915527344
2012-07-02,31.799999237060547,30.190000534057617,31.350000381469727,30.399999618530273,1315600,30.399999618530273
2012-07-03,31.0,30.399999618530273,30.600000381469727,30.65999984741211,947000,30.65999984741211
2012-07-05,31.670000076293945,30.799999237060547,30.809999465942383,31.229999542236328,1253800,31.229999542236328
2012-07-06,31.729999542236328,30.799999237060547,30.989999771118164,30.989999771118164,784500,30.989999771118164
2012-07-09,31.829999923706055,30.670000076293945,30.940000534057617,31.489999771118164,910500,31.489999771118164
2012-07-10,32.47999954223633,30.889999389648438,31.540000915527344,31.270000457763672,758400,31.270000457763672
2012-07-11,31.68000030517578,31.010000228881836,31.56999969482422,31.510000228881836,638600,31.510000228881836
2012-07-12,33.0099983215332,30.799999237060547,31.290000915527344,32.70000076293945,1125700,32.70000076293945
2012-07-13,34.400001525878906,32.83000183105469,32.970001220703125,34.25,1304800,34.25
2012-07-16,36.0,33.900001525878906,34.31999969482422,35.959999084472656,1744000,35.959999084472656
2012-07-17,35.209999084472656,32.380001068115234,35.0,33.349998474121094,2569300,33.349998474121094
2012-07-18,33.66999816894531,31.059999465942383,31.420000076293945,32.150001525878906,2881900,32.150001525878906
2012-07-19,33.150001525878906,32.040000915527344,32.720001220703125,32.27000045776367,1435900,32.27000045776367
2012-07-20,32.25,31.25,32.06999969482422,31.790000915527344,1568500,31.790000915527344
2012-07-23,31.299999237060547,30.6200008392334,31.049999237060547,30.65999984741211,1386800,30.65999984741211
2012-07-24,31.040000915527344,29.6200008392334,30.65999984741211,29.84000015258789,1500300,29.84000015258789
2012-07-25,29.979999542236328,28.75,29.920000076293945,28.950000762939453,2842200,28.950000762939453
2012-07-26,30.0,27.639999389648438,29.899999618530273,28.1299991607666,2262300,28.1299991607666
2012-07-27,29.65999984741211,28.100000381469727,28.709999084472656,29.510000228881836,1673000,29.510000228881836
2012-07-30,30.25,27.209999084472656,29.510000228881836,27.350000381469727,2065200,27.350000381469727
2012-07-31,27.969999313354492,27.350000381469727,27.540000915527344,27.420000076293945,1575100,27.420000076293945
2012-08-01,27.989999771118164,26.030000686645508,27.989999771118164,26.25,1592300,26.25
2012-08-02,26.850000381469727,25.520000457763672,26.84000015258789,26.100000381469727,1305100,26.100000381469727
2012-08-03,27.549999237060547,26.739999771118164,26.899999618530273,27.270000457763672,1209500,27.270000457763672
2012-08-06,28.700000762939453,27.549999237060547,27.549999237060547,28.270000457763672,1528200,28.270000457763672
2012-08-07,30.899999618530273,28.5,28.770000457763672,30.25,2387200,30.25
2012-08-08,30.0,28.59000015258789,29.899999618530273,29.09000015258789,1308900,29.09000015258789
2012-08-09,30.0,29.1299991607666,29.520000457763672,29.40999984741211,672600,29.40999984741211
2012-08-10,29.940000534057617,29.309999465942383,29.309999465942383,29.940000534057617,707400,29.940000534057617
2012-08-13,31.299999237060547,29.100000381469727,29.690000534057617,31.170000076293945,870100,31.170000076293945
2012-08-14,31.170000076293945,29.260000228881836,30.75,29.420000076293945,793400,29.420000076293945
2012-08-15,29.700000762939453,28.809999465942383,29.389999389648438,29.399999618530273,525400,29.399999618530273
2012-08-16,30.389999389648438,29.5,29.530000686645508,30.299999237060547,669000,30.299999237060547
2012-08-17,30.709999084472656,29.979999542236328,30.290000915527344,30.010000228881836,508200,30.010000228881836
2012-08-20,30.389999389648438,29.100000381469727,30.149999618530273,29.510000228881836,1179100,29.510000228881836
2012-08-21,30.0,29.0,29.579999923706055,29.110000610351562,761600,29.110000610351562
2012-08-22,30.040000915527344,29.010000228881836,29.010000228881836,29.950000762939453,775500,29.950000762939453
2012-08-23,30.850000381469727,29.649999618530273,30.0,30.729999542236328,1471000,30.729999542236328
2012-08-24,30.239999771118164,29.40999984741211,30.059999465942383,29.5,1429400,29.5
2012-08-27,29.700000762939453,28.170000076293945,29.56999969482422,28.31999969482422,1350400,28.31999969482422
2012-08-28,29.3799991607666,28.0,28.399999618530273,28.690000534057617,1402700,28.690000534057617
2012-08-29,28.639999389648438,28.020000457763672,28.489999771118164,28.40999984741211,838900,28.40999984741211
2012-08-30,28.739999771118164,28.100000381469727,28.600000381469727,28.40999984741211,656400,28.40999984741211
2012-08-31,28.84000015258789,28.200000762939453,28.610000610351562,28.520000457763672,539800,28.520000457763672
2012-09-04,28.989999771118164,27.899999618530273,28.520000457763672,28.139999389648438,752500,28.139999389648438
2012-09-05,28.5,27.809999465942383,28.010000228881836,27.940000534057617,639300,27.940000534057617
2012-09-06,28.899999618530273,27.899999618530273,28.0,28.549999237060547,841700,28.549999237060547
2012-09-07,29.56999969482422,28.5,28.549999237060547,29.350000381469727,953200,29.350000381469727
2012-09-10,29.350000381469727,27.299999237060547,29.200000762939453,27.3700008392334,1483300,27.3700008392334
2012-09-11,28.15999984741211,27.399999618530273,27.760000228881836,27.799999237060547,1014900,27.799999237060547
2012-09-12,28.579999923706055,27.799999237060547,27.899999618530273,28.280000686645508,1145200,28.280000686645508
2012-09-13,29.5,28.479999542236328,28.56999969482422,29.479999542236328,1484700,29.479999542236328
2012-09-14,30.649999618530273,29.649999618530273,30.0,30.389999389648438,1536600,30.389999389648438
2012-09-17,32.779998779296875,31.510000228881836,32.349998474121094,32.540000915527344,3212800,32.540000915527344
2012-09-18,31.899999618530273,30.68000030517578,31.8799991607666,31.34000015258789,1788500,31.34000015258789
2012-09-19,31.739999771118164,30.940000534057617,31.0,31.049999237060547,1048500,31.049999237060547
2012-09-20,31.5,30.68000030517578,30.93000030517578,30.899999618530273,912400,30.899999618530273
2012-09-21,31.489999771118164,29.540000915527344,31.100000381469727,30.020000457763672,1870000,30.020000457763672
2012-09-24,31.030000686645508,29.399999618530273,29.510000228881836,30.65999984741211,1301900,30.65999984741211
2012-09-25,29.479999542236328,27.530000686645508,28.6200008392334,27.65999984741211,5680400,27.65999984741211
2012-09-26,28.399999618530273,27.479999542236328,27.65999984741211,27.540000915527344,1527200,27.540000915527344
2012-09-27,28.540000915527344,27.600000381469727,27.81999969482422,28.489999771118164,1758600,28.489999771118164
2012-09-28,29.889999389648438,28.610000610351562,28.729999542236328,29.280000686645508,4343400,29.280000686645508
2012-10-01,29.889999389648438,29.0,29.5,29.15999984741211,884400,29.15999984741211
2012-10-02,29.889999389648438,29.0,29.280000686645508,29.799999237060547,729000,29.799999237060547
2012-10-03,29.950000762939453,29.239999771118164,29.75,29.299999237060547,1052800,29.299999237060547
2012-10-04,30.100000381469727,28.649999618530273,30.0,29.399999618530273,1541300,29.399999618530273
2012-10-05,29.809999465942383,28.68000030517578,29.700000762939453,28.889999389648438,938600,28.889999389648438
2012-10-08,29.399999618530273,28.610000610351562,28.860000610351562,29.25,889700,29.25
2012-10-09,29.1200008392334,28.25,29.1200008392334,28.3700008392334,1193000,28.3700008392334
2012-10-10,28.719999313354492,28.010000228881836,28.389999389648438,28.399999618530273,503600,28.399999618530273
2012-10-11,28.979999542236328,28.25,28.940000534057617,28.31999969482422,450600,28.31999969482422
2012-10-12,28.729999542236328,27.5,28.31999969482422,27.639999389648438,987600,27.639999389648438
2012-10-15,28.049999237060547,26.860000610351562,28.020000457763672,27.329999923706055,1468700,27.329999923706055
2012-10-16,28.09000015258789,27.34000015258789,27.670000076293945,28.059999465942383,479300,28.059999465942383
2012-10-17,28.84000015258789,27.799999237060547,28.25,28.81999969482422,668000,28.81999969482422
2012-10-18,28.989999771118164,27.780000686645508,28.989999771118164,28.040000915527344,741000,28.040000915527344
2012-10-19,28.200000762939453,27.299999237060547,27.829999923706055,27.739999771118164,1027400,27.739999771118164
2012-10-22,28.0,27.360000610351562,27.989999771118164,27.850000381469727,470200,27.850000381469727
2012-10-23,28.559999465942383,27.3700008392334,27.3799991607666,28.389999389648438,749000,28.389999389648438
2012-10-24,28.520000457763672,27.25,28.520000457763672,27.420000076293945,1016400,27.420000076293945
2012-10-25,27.799999237060547,27.450000762939453,27.799999237060547,27.520000457763672,577700,27.520000457763672
2012-10-26,27.799999237060547,27.020000457763672,27.530000686645508,27.3799991607666,477400,27.3799991607666
2012-10-31,28.350000381469727,27.3700008392334,27.700000762939453,28.1299991607666,775200,28.1299991607666
2012-11-01,29.489999771118164,28.200000762939453,28.25,29.25,1024100,29.25
2012-11-02,29.549999237060547,28.549999237060547,29.270000457763672,28.920000076293945,1030300,28.920000076293945
2012-11-05,31.579999923706055,29.329999923706055,29.799999237060547,31.5,2048900,31.5
2012-11-06,31.200000762939453,29.950000762939453,30.610000610351562,31.149999618530273,2324000,31.149999618530273
2012-11-07,32.04999923706055,30.809999465942383,31.0,31.540000915527344,1714500,31.540000915527344
2012-11-08,31.8799991607666,30.940000534057617,31.010000228881836,31.309999465942383,1274000,31.309999465942383
2012-11-09,30.93000030517578,29.850000381469727,30.600000381469727,30.31999969482422,863000,30.31999969482422
2012-11-12,31.420000076293945,30.15999984741211,30.290000915527344,31.06999969482422,555900,31.06999969482422
2012-11-13,32.0,30.719999313354492,31.290000915527344,31.610000610351562,998300,31.610000610351562
2012-11-14,32.119998931884766,31.200000762939453,31.959999084472656,31.3799991607666,871300,31.3799991607666
2012-11-15,31.440000534057617,30.5,31.299999237060547,30.81999969482422,984000,30.81999969482422
2012-11-16,32.0,30.59000015258789,31.149999618530273,31.84000015258789,908700,31.84000015258789
2012-11-19,33.25,31.84000015258789,32.06999969482422,32.91999816894531,1392400,32.91999816894531
2012-11-20,33.099998474121094,31.90999984741211,32.79999923706055,33.0,922500,33.0
2012-11-21,33.470001220703125,32.290000915527344,32.61000061035156,32.470001220703125,963200,32.470001220703125
2012-11-23,32.83000183105469,31.700000762939453,32.599998474121094,32.130001068115234,430300,32.130001068115234
2012-11-26,32.29999923706055,31.6200008392334,32.099998474121094,32.27000045776367,495800,32.27000045776367
2012-11-27,32.65999984741211,31.520000457763672,32.130001068115234,32.150001525878906,910800,32.150001525878906
2012-11-28,34.290000915527344,31.90999984741211,32.0,33.22999954223633,1525200,33.22999954223633
2012-11-29,34.0,32.869998931884766,33.439998626708984,33.689998626708984,1103400,33.689998626708984
2012-11-30,34.279998779296875,33.0099983215332,33.630001068115234,33.81999969482422,1420300,33.81999969482422
2012-12-03,35.0,33.5,33.88999938964844,34.619998931884766,2085700,34.619998931884766
2012-12-04,34.79999923706055,33.54999923706055,34.08000183105469,33.900001525878906,1263300,33.900001525878906
2012-12-05,34.189998626708984,33.58000183105469,33.81999969482422,33.709999084472656,661500,33.709999084472656
2012-12-06,34.79999923706055,33.5,33.81999969482422,33.900001525878906,660400,33.900001525878906
2012-12-07,34.4900016784668,33.849998474121094,34.29999923706055,34.16999816894531,664400,34.16999816894531
2012-12-10,34.79999923706055,34.18000030517578,34.43000030517578,34.56999969482422,929800,34.56999969482422
2012-12-11,35.5,34.459999084472656,34.599998474121094,35.279998779296875,1572600,35.279998779296875
2012-12-12,35.79999923706055,34.95000076293945,35.209999084472656,35.2599983215332,2063800,35.2599983215332
2012-12-13,35.29999923706055,32.75,35.2599983215332,33.61000061035156,2151300,33.61000061035156
2012-12-14,34.400001525878906,33.59000015258789,33.779998779296875,33.810001373291016,1023000,33.810001373291016
2012-12-17,34.5,33.75,33.77000045776367,34.400001525878906,824900,34.400001525878906
2012-12-18,35.06999969482422,34.2599983215332,34.2599983215332,34.59000015258789,1553900,34.59000015258789
2012-12-19,35.2599983215332,34.52000045776367,34.75,34.61000061035156,1298800,34.61000061035156
2012-12-20,34.790000915527344,34.04999923706055,34.5099983215332,34.43000030517578,921200,34.43000030517578
2012-12-21,34.16999816894531,33.58000183105469,33.939998626708984,34.0,1492400,34.0
2012-12-24,34.349998474121094,33.54999923706055,33.63999938964844,34.279998779296875,375800,34.279998779296875
2012-12-26,34.5,33.5,33.959999084472656,33.59000015258789,601400,33.59000015258789
2012-12-27,33.90999984741211,33.0,33.5,33.689998626708984,561100,33.689998626708984
2012-12-28,33.650001525878906,33.02000045776367,33.380001068115234,33.220001220703125,414100,33.220001220703125
2012-12-31,33.970001220703125,33.0,33.0,33.869998931884766,594900,33.869998931884766
2013-01-02,35.45000076293945,34.709999084472656,35.0,35.36000061035156,1194800,35.36000061035156
2013-01-03,35.45000076293945,34.75,35.18000030517578,34.77000045776367,742000,34.77000045776367
2013-01-04,34.79999923706055,33.91999816894531,34.79999923706055,34.400001525878906,674000,34.400001525878906
2013-01-07,34.79999923706055,33.900001525878906,34.79999923706055,34.34000015258789,442000,34.34000015258789
2013-01-08,34.5,33.11000061035156,34.5,33.68000030517578,1284000,33.68000030517578
2013-01-09,34.189998626708984,33.400001525878906,34.0099983215332,33.63999938964844,698000,33.63999938964844
2013-01-10,33.9900016784668,33.380001068115234,33.869998931884766,33.529998779296875,922500,33.529998779296875
2013-01-11,34.040000915527344,32.11000061035156,34.040000915527344,32.90999984741211,1563200,32.90999984741211
2013-01-14,33.380001068115234,32.849998474121094,33.08000183105469,33.2599983215332,925100,33.2599983215332
2013-01-15,34.25,33.08000183105469,33.11000061035156,33.900001525878906,1624200,33.900001525878906
2013-01-16,34.22999954223633,33.72999954223633,33.849998474121094,34.099998474121094,1378200,34.099998474121094
2013-01-17,34.849998474121094,33.91999816894531,34.15999984741211,34.380001068115234,1436700,34.380001068115234
2013-01-18,34.779998779296875,33.81999969482422,34.7400016784668,34.52000045776367,3555100,34.52000045776367
2013-01-22,35.54999923706055,34.2599983215332,34.560001373291016,35.189998626708984,1920200,35.189998626708984
2013-01-23,36.2400016784668,34.959999084472656,35.02000045776367,36.0,1564300,36.0
2013-01-24,37.720001220703125,35.84000015258789,36.0,36.9900016784668,1970400,36.9900016784668
2013-01-25,37.540000915527344,36.79999923706055,37.0,36.97999954223633,1287800,36.97999954223633
2013-01-28,38.709999084472656,36.86000061035156,36.86000061035156,38.029998779296875,1986000,38.029998779296875
2013-01-29,38.439998626708984,37.130001068115234,38.099998474121094,37.95000076293945,1426600,37.95000076293945
2013-01-30,38.0,37.43000030517578,37.849998474121094,37.52000045776367,968100,37.52000045776367
2013-01-31,37.869998931884766,36.93000030517578,37.869998931884766,37.5099983215332,901400,37.5099983215332
2013-02-01,38.5,37.619998931884766,38.16999816894531,38.29999923706055,1100600,38.29999923706055
2013-02-04,38.41999816894531,37.59000015258789,38.400001525878906,37.7400016784668,1128000,37.7400016784668
2013-02-05,38.650001525878906,37.68000030517578,38.0,38.130001068115234,1310200,38.130001068115234
2013-02-06,39.38999938964844,37.900001525878906,38.18000030517578,39.16999816894531,1893200,39.16999816894531
2013-02-07,39.68000030517578,38.95000076293945,39.189998626708984,39.47999954223633,1196600,39.47999954223633
2013-02-08,40.0,39.13999938964844,39.45000076293945,39.2400016784668,1139800,39.2400016784668
2013-02-11,39.150001525878906,37.5,37.97999954223633,38.41999816894531,3266300,38.41999816894531
2013-02-12,38.869998931884766,37.290000915527344,38.45000076293945,37.88999938964844,2261300,37.88999938964844
2013-02-13,39.0,38.04999923706055,38.29999923706055,38.45000076293945,966800,38.45000076293945
2013-02-14,38.75,38.209999084472656,38.63999938964844,38.27000045776367,990700,38.27000045776367
2013-02-15,38.5099983215332,36.95000076293945,38.5,37.040000915527344,2017600,37.040000915527344
2013-02-19,39.290000915527344,37.310001373291016,37.36000061035156,39.279998779296875,2701400,39.279998779296875
2013-02-20,39.650001525878906,38.459999084472656,39.29999923706055,38.540000915527344,3122000,38.540000915527344
2013-02-21,37.38999938964844,34.540000915527344,36.4900016784668,35.15999984741211,9037800,35.15999984741211
2013-02-22,36.38999938964844,35.599998474121094,35.720001220703125,36.11000061035156,2547300,36.11000061035156
2013-02-25,36.75,34.34000015258789,36.150001525878906,34.380001068115234,2889400,34.380001068115234
2013-02-26,34.959999084472656,33.79999923706055,34.459999084472656,34.43000030517578,2762900,34.43000030517578
2013-02-27,35.40999984741211,34.400001525878906,34.40999984741211,35.099998474121094,1959200,35.099998474121094
2013-02-28,36.099998474121094,34.369998931884766,35.88999938964844,34.83000183105469,1964900,34.83000183105469
2013-03-01,35.08000183105469,34.25,35.0,34.650001525878906,1546600,34.650001525878906
2013-03-04,35.83000183105469,34.70000076293945,34.77000045776367,35.58000183105469,1757700,35.58000183105469
2013-03-05,36.91999816894531,35.790000915527344,36.0,36.650001525878906,2087000,36.650001525878906
2013-03-06,37.880001068115234,36.970001220703125,37.0099983215332,37.689998626708984,1150000,37.689998626708984
2013-03-07,38.650001525878906,36.880001068115234,37.72999954223633,38.22999954223633,1158300,38.22999954223633
2013-03-08,39.439998626708984,37.36000061035156,38.060001373291016,38.470001220703125,912100,38.470001220703125
2013-03-11,39.439998626708984,38.650001525878906,38.869998931884766,39.099998474121094,1579500,39.099998474121094
2013-03-12,39.380001068115234,38.849998474121094,38.900001525878906,39.119998931884766,1275100,39.119998931884766
2013-03-13,39.4900016784668,38.810001373291016,39.0,38.97999954223633,822000,38.97999954223633
2013-03-14,38.90999984741211,36.77000045776367,38.900001525878906,36.849998474121094,2021000,36.849998474121094
2013-03-15,36.650001525878906,35.209999084472656,36.63999938964844,35.290000915527344,3279600,35.290000915527344
2013-03-18,36.060001373291016,34.91999816894531,35.29999923706055,35.150001525878906,1316100,35.150001525878906
2013-03-19,35.599998474121094,34.939998626708984,35.25,35.08000183105469,1098500,35.08000183105469
2013-03-20,36.06999969482422,35.15999984741211,35.2599983215332,35.95000076293945,1423000,35.95000076293945
2013-03-21,37.060001373291016,35.7400016784668,35.95000076293945,36.0099983215332,1146300,36.0099983215332
2013-03-22,36.79999923706055,36.20000076293945,36.20000076293945,36.619998931884766,440200,36.619998931884766
2013-03-25,38.52000045776367,36.77000045776367,37.099998474121094,37.529998779296875,2378800,37.529998779296875
2013-03-26,38.220001220703125,37.65999984741211,37.97999954223633,37.86000061035156,1808200,37.86000061035156
2013-03-27,38.380001068115234,37.310001373291016,37.939998626708984,38.15999984741211,1296300,38.15999984741211
2013-03-28,38.2400016784668,37.75,38.22999954223633,37.88999938964844,1158700,37.88999938964844
2013-04-01,46.68000030517578,41.70000076293945,42.36000061035156,43.93000030517578,14098500,43.93000030517578
2013-04-02,45.5,43.5099983215332,43.599998474121094,44.34000015258789,6652400,44.34000015258789
2013-04-03,43.470001220703125,40.209999084472656,43.099998474121094,41.099998474121094,5643600,41.099998474121094
2013-04-04,42.25,40.810001373291016,41.11000061035156,42.0099983215332,2264800,42.0099983215332
2013-04-05,42.0,40.5,42.0,41.369998931884766,1552400,41.369998931884766
2013-04-08,42.54999923706055,41.5099983215332,41.970001220703125,41.83000183105469,1679000,41.83000183105469
2013-04-09,41.83000183105469,40.33000183105469,41.79999923706055,40.5,1696100,40.5
2013-04-10,42.0099983215332,40.61000061035156,40.70000076293945,41.86000061035156,2121100,41.86000061035156
2013-04-11,44.54999923706055,41.75,42.060001373291016,43.59000015258789,3447400,43.59000015258789
2013-04-12,45.13999938964844,43.04999923706055,43.25,43.75,3149400,43.75
2013-04-15,43.79999923706055,42.5099983215332,43.5,43.29999923706055,1681400,43.29999923706055
2013-04-16,46.13999938964844,43.90999984741211,44.189998626708984,45.59000015258789,3180400,45.59000015258789
2013-04-17,45.95000076293945,44.540000915527344,45.5,45.45000076293945,2118500,45.45000076293945
2013-04-18,47.599998474121094,45.38999938964844,45.97999954223633,46.970001220703125,3367900,46.970001220703125
2013-04-19,49.880001068115234,47.06999969482422,47.459999084472656,47.83000183105469,3011700,47.83000183105469
2013-04-22,50.20000076293945,47.75,48.599998474121094,50.189998626708984,3939400,50.189998626708984
2013-04-23,52.91999816894531,50.65999984741211,51.0,51.0099983215332,3733800,51.0099983215332
2013-04-24,51.04999923706055,48.97999954223633,50.900001525878906,50.43000030517578,2630000,50.43000030517578
2013-04-25,52.400001525878906,50.5,50.5,52.0,2795900,52.0
2013-04-26,53.7400016784668,50.619998931884766,53.130001068115234,51.20000076293945,3622100,51.20000076293945
2013-04-29,54.9900016784668,51.20000076293945,51.7599983215332,54.939998626708984,3639700,54.939998626708984
2013-04-30,58.18000030517578,53.7599983215332,56.0,53.9900016784668,5522600,53.9900016784668
2013-05-01,55.9900016784668,53.0,55.9900016784668,53.279998779296875,2742800,53.279998779296875
2013-05-02,55.27000045776367,53.70000076293945,53.849998474121094,54.11000061035156,3050400,54.11000061035156
2013-05-03,56.470001220703125,54.5,56.470001220703125,54.54999923706055,3378700,54.54999923706055
2013-05-06,59.65999984741211,55.5,56.38999938964844,59.5,4366700,59.5
2013-05-07,62.369998931884766,55.119998931884766,62.0,55.5099983215332,9991000,55.5099983215332
2013-05-08,58.20000076293945,55.709999084472656,57.5,55.790000915527344,6769900,55.790000915527344
2013-05-09,75.7699966430664,63.689998626708984,70.12000274658203,69.4000015258789,28605000,69.4000015258789
2013-05-10,81.0,69.25,69.6500015258789,76.76000213623047,25082600,76.76000213623047
2013-05-13,88.0,79.1500015258789,80.98999786376953,87.80000305175781,22416900,87.80000305175781
2013-05-14,97.12000274658203,81.1500015258789,94.22000122070312,83.23999786376953,37163900,83.23999786376953
2013-05-15,86.87999725341797,78.11000061035156,81.80000305175781,84.83999633789062,16878700,84.83999633789062
2013-05-16,95.0,88.66000366210938,94.69999694824219,92.25,21614000,92.25
2013-05-17,94.44000244140625,87.5,92.5,91.5,19002200,91.5
2013-05-20,92.5,88.62999725341797,91.12000274658203,89.94000244140625,8348400,89.94000244140625
2013-05-21,89.98999786376953,85.27999877929688,88.5,87.58999633789062,8998200,87.58999633789062
2013-05-22,90.95999908447266,85.5,86.37000274658203,87.23999786376953,8568000,87.23999786376953
2013-05-23,93.01000213623047,83.05000305175781,84.80999755859375,92.7300033569336,12022200,92.7300033569336
2013-05-24,97.94999694824219,92.0,92.5999984741211,97.08000183105469,16124200,97.08000183105469
2013-05-28,110.75,100.30000305175781,101.55000305175781,110.33000183105469,19691900,110.33000183105469
2013-05-29,114.9000015258789,99.0,113.55000305175781,104.62999725341797,25099500,104.62999725341797
2013-05-30,109.54000091552734,101.19999694824219,102.45999908447266,104.94999694824219,16133700,104.94999694824219
2013-05-31,106.44000244140625,97.7300033569336,106.26000213623047,97.76000213623047,15172000,97.76000213623047
2013-06-03,97.62000274658203,88.25,97.62000274658203,92.58999633789062,19139600,92.58999633789062
2013-06-04,96.41999816894531,92.4000015258789,92.75,94.83999633789062,8856100,94.83999633789062
2013-06-05,97.97000122070312,89.11000061035156,93.66000366210938,95.37000274658203,12224800,95.37000274658203
2013-06-06,99.2699966430664,95.11000061035156,95.25,97.3499984741211,9510900,97.3499984741211
2013-06-07,102.9000015258789,96.69999694824219,98.0,102.04000091552734,10711600,102.04000091552734
2013-06-10,102.5199966430664,98.56999969482422,98.93000030517578,100.05000305175781,9228600,100.05000305175781
2013-06-11,98.68000030517578,94.05000305175781,98.18000030517578,94.47000122070312,7394000,94.47000122070312
2013-06-12,100.4800033569336,95.75,96.80000305175781,97.7300033569336,9192700,97.7300033569336
2013-06-13,99.27999877929688,95.12000274658203,99.0,98.18000030517578,5961600,98.18000030517578
2013-06-14,102.5199966430664,99.33000183105469,100.0,100.30000305175781,6564700,100.30000305175781
2013-06-17,104.75,101.19999694824219,103.5999984741211,102.19999694824219,7066200,102.19999694824219
2013-06-18,103.9800033569336,99.19999694824219,101.75,103.38999938964844,8795300,103.38999938964844
2013-06-19,106.66999816894531,102.01000213623047,102.05999755859375,104.68000030517578,8578900,104.68000030517578
2013-06-20,107.12999725341797,99.44999694824219,104.6500015258789,100.6500015258789,10106500,100.6500015258789
2013-06-21,103.69999694824219,97.5,103.69999694824219,99.55000305175781,11718600,99.55000305175781
2013-06-24,102.87000274658203,95.30000305175781,96.5,101.48999786376953,7119800,101.48999786376953
2013-06-25,104.19999694824219,100.55000305175781,103.0999984741211,102.4000015258789,5848700,102.4000015258789
2013-06-26,105.87000274658203,102.66000366210938,103.80000305175781,105.72000122070312,6602600,105.72000122070312
2013-06-27,110.25,106.12999725341797,106.75,109.25,8744900,109.25
2013-06-28,109.44000244140625,106.70999908447266,108.56999969482422,107.36000061035156,5748600,107.36000061035156
2013-07-01,117.7699966430664,109.1500015258789,109.36000061035156,117.18000030517578,10903600,117.18000030517578
2013-07-02,121.88999938964844,115.5,118.25,117.81999969482422,12064100,117.81999969482422
2013-07-03,119.25,114.2699966430664,118.0,115.23999786376953,4806700,115.23999786376953
2013-07-05,120.27999877929688,115.69999694824219,118.31999969482422,120.08999633789062,6818700,120.08999633789062
2013-07-08,122.18000030517578,118.81999969482422,121.37000274658203,121.61000061035156,7814200,121.61000061035156
2013-07-09,125.31999969482422,121.91000366210938,124.63999938964844,123.44999694824219,8603300,123.44999694824219
2013-07-10,123.25,120.79000091552734,123.19000244140625,122.2699966430664,5600100,122.2699966430664
2013-07-11,126.08999633789062,122.3499984741211,124.87999725341797,125.61000061035156,7483600,125.61000061035156
2013-07-12,129.94000244140625,124.51000213623047,125.5,129.89999389648438,11344000,129.89999389648438
2013-07-15,133.25999450683594,126.81999969482422,133.02999877929688,127.26000213623047,9922400,127.26000213623047
2013-07-16,126.31999969482422,107.30000305175781,126.27999877929688,109.05000305175781,32371900,109.05000305175781
2013-07-17,121.62000274658203,104.5,106.5199966430664,120.25,26029000,120.25
2013-07-18,122.7300033569336,116.18000030517578,120.97000122070312,119.02999877929688,11398100,119.02999877929688
2013-07-19,120.55000305175781,116.51000213623047,118.5,119.68000030517578,5890300,119.68000030517578
2013-07-22,126.68000030517578,119.87999725341797,119.88999938964844,122.43000030517578,9797800,122.43000030517578
2013-07-23,125.55999755859375,121.81999969482422,124.0,122.73999786376953,7736400,122.73999786376953
2013-07-24,124.5,119.55999755859375,124.47000122070312,121.69999694824219,6869000,121.69999694824219
2013-07-25,124.75,120.19000244140625,120.4000015258789,124.06999969482422,5284300,124.06999969482422
2013-07-26,130.67999267578125,126.61000061035156,128.13999938964844,129.38999938964844,9633100,129.38999938964844
2013-07-29,135.3699951171875,128.25,129.32000732421875,134.6199951171875,9678900,134.6199951171875
2013-07-30,137.49000549316406,128.17999267578125,134.8000030517578,131.74000549316406,13127000,131.74000549316406
2013-07-31,134.97000122070312,131.4499969482422,132.57000732421875,134.27999877929688,6351700,134.27999877929688
2013-08-01,136.52000427246094,132.6300048828125,135.0,135.5500030517578,5323600,135.5500030517578
2013-08-02,138.25,133.61000061035156,134.58999633789062,138.0,6269900,138.0
2013-08-05,144.88999938964844,139.64999389648438,140.00999450683594,144.67999267578125,10200700,144.67999267578125
2013-08-06,145.72999572753906,141.10000610351562,144.75,142.14999389648438,9254500,142.14999389648438
2013-08-07,141.9499969482422,132.36000061035156,141.88999938964844,134.22999572753906,18212200,134.22999572753906
2013-08-08,158.8800048828125,150.4600067138672,154.35000610351562,153.47999572753906,27246800,153.47999572753906
2013-08-09,155.9499969482422,151.25,152.39999389648438,153.0,8927700,153.0
2013-08-12,150.5,142.0500030517578,149.42999267578125,147.3800048828125,14912200,147.3800048828125
2013-08-13,149.83999633789062,144.4499969482422,149.5,145.42999267578125,8748900,145.42999267578125
2013-08-14,144.83999633789062,138.0500030517578,142.72000122070312,139.36000061035156,11693800,139.36000061035156
2013-08-15,143.60000610351562,135.0,136.42999267578125,139.6699981689453,10179200,139.6699981689453
2013-08-16,143.91000366210938,140.97000122070312,141.6300048828125,142.0,7108100,142.0
2013-08-19,147.3800048828125,142.8300018310547,143.42999267578125,144.89999389648438,8037700,144.89999389648438
2013-08-20,149.77999877929688,147.0,148.64999389648438,149.5800018310547,6418200,149.5800018310547
2013-08-21,150.30999755859375,146.25,150.0,147.86000061035156,6266300,147.86000061035156
2013-08-22,157.47999572753906,148.13999938964844,149.22000122070312,157.10000610351562,10592400,157.10000610351562
2013-08-23,162.3000030517578,155.0,157.0,161.83999633789062,12931900,161.83999633789062
2013-08-26,173.0,160.25,165.14999389648438,164.22000122070312,24171100,164.22000122070312
2013-08-27,168.8000030517578,160.9499969482422,162.3000030517578,167.00999450683594,17566900,167.00999450683594
2013-08-28,171.5,163.25,169.05999755859375,166.4499969482422,14740100,166.4499969482422
2013-08-29,167.75,162.50999450683594,164.22000122070312,166.05999755859375,9436000,166.05999755859375
2013-08-30,169.2100067138672,163.9600067138672,166.3699951171875,169.0,11028400,169.0
2013-09-03,173.6999969482422,166.39999389648438,173.39999389648438,168.94000244140625,12061100,168.94000244140625
2013-09-04,171.6199951171875,165.55999755859375,169.77000427246094,170.6199951171875,11475700,170.6199951171875
2013-09-05,171.5,168.25,170.10000610351562,169.92999267578125,6685300,169.92999267578125
2013-09-06,169.6999969482422,165.14999389648438,168.57000732421875,166.97000122070312,8619700,166.97000122070312
2013-09-09,164.5,158.50999450683594,163.1199951171875,160.6999969482422,14344500,160.6999969482422
2013-09-10,167.5,160.6300048828125,161.4499969482422,166.3699951171875,8967800,166.3699951171875
2013-09-11,167.89999389648438,162.1300048828125,166.41000366210938,163.52000427246094,5832500,163.52000427246094
2013-09-12,166.75999450683594,160.50999450683594,164.0,164.92999267578125,6160000,164.92999267578125
2013-09-13,166.3699951171875,162.16000366210938,162.77000427246094,165.5399932861328,5401200,165.5399932861328
2013-09-16,170.85000610351562,165.85000610351562,168.0,166.5800018310547,7574900,166.5800018310547
2013-09-17,168.4199981689453,163.36000061035156,165.0800018310547,166.22999572753906,5496900,166.22999572753906
2013-09-18,167.4499969482422,164.1999969482422,167.07000732421875,166.22000122070312,5439700,166.22000122070312
2013-09-19,180.47000122070312,169.0800018310547,170.8000030517578,177.9199981689453,15594600,177.9199981689453
2013-09-20,185.8300018310547,178.55999755859375,178.89999389648438,183.38999938964844,13401700,183.38999938964844
2013-09-23,185.47999572753906,177.11000061035156,184.47999572753906,181.11000061035156,8173400,181.11000061035156
2013-09-24,184.9600067138672,177.64999389648438,179.13999938964844,182.3300018310547,6273400,182.3300018310547
2013-09-25,186.3000030517578,180.5,183.55999755859375,185.24000549316406,8252700,185.24000549316406
2013-09-26,189.67999267578125,185.61000061035156,186.6999969482422,188.63999938964844,6614400,188.63999938964844
2013-09-27,191.27999877929688,186.42999267578125,187.52000427246094,190.89999389648438,5916400,190.89999389648438
2013-09-30,194.5,188.0,189.0,193.3699951171875,8924700,193.3699951171875
2013-10-01,194.22999572753906,188.3699951171875,193.9600067138672,193.0,7755900,193.0
2013-10-02,191.8300018310547,175.39999389648438,188.58999633789062,180.9499969482422,20775400,180.9499969482422
2013-10-03,179.69000244140625,168.0,175.0500030517578,173.30999755859375,23816500,173.30999755859375
2013-10-04,181.17999267578125,172.64999389648438,176.39999389648438,180.97999572753906,14414000,180.97999572753906
2013-10-07,186.72999572753906,180.25999450683594,182.4600067138672,183.07000732421875,11485600,183.07000732421875
2013-10-08,185.92999267578125,173.2100067138672,184.39999389648438,174.72999572753906,13757200,174.72999572753906
2013-10-09,174.99000549316406,161.5,174.72999572753906,168.77999877929688,15316500,168.77999877929688
2013-10-10,175.75,169.69000244140625,173.08999633789062,172.92999267578125,8883900,172.92999267578125
2013-10-11,179.2899932861328,171.1999969482422,172.75,178.6999969482422,8311100,178.6999969482422
2013-10-14,182.5,174.14999389648438,175.0,179.72000122070312,7769600,179.72000122070312
2013-10-15,188.7899932861328,183.17999267578125,185.27999877929688,183.94000244140625,10978500,183.94000244140625
2013-10-16,187.3000030517578,182.08999633789062,184.89999389648438,183.55999755859375,8205400,183.55999755859375
2013-10-17,184.8000030517578,180.99000549316406,183.5399932861328,182.8000030517578,6705000,182.8000030517578
2013-10-18,185.9600067138672,182.52000427246094,184.14999389648438,183.39999389648438,5930800,183.39999389648438
2013-10-21,183.38999938964844,171.0,183.27999877929688,172.60000610351562,11532100,172.60000610351562
2013-10-22,177.77999877929688,166.11000061035156,170.5,171.5399932861328,11386700,171.5399932861328
2013-10-23,171.80999755859375,160.14999389648438,168.91000366210938,164.5,13320400,164.5
2013-10-24,174.5,162.8300018310547,165.0,173.14999389648438,10825700,173.14999389648438
2013-10-25,174.5,166.8000030517578,174.2100067138672,169.66000366210938,7595500,169.66000366210938
2013-10-28,170.5,162.1999969482422,170.17999267578125,162.86000061035156,7841700,162.86000061035156
2013-10-29,165.4499969482422,153.0,162.75999450683594,164.47000122070312,14111700,164.47000122070312
2013-10-30,167.67999267578125,158.1699981689453,164.6300048828125,159.22000122070312,8401800,159.22000122070312
2013-10-31,162.44000244140625,153.3000030517578,155.6699981689453,159.94000244140625,9333800,159.94000244140625
2013-11-01,165.89999389648438,160.41000366210938,163.0,162.1699981689453,7180600,162.1699981689453
2013-11-04,175.38999938964844,164.22000122070312,165.0,175.1999969482422,13120400,175.1999969482422
2013-11-05,181.42999267578125,171.36000061035156,180.0,176.80999755859375,22467100,176.80999755859375
2013-11-06,160.72999572753906,146.35000610351562,154.80999755859375,151.16000366210938,31071700,151.16000366210938
2013-11-07,145.64999389648438,137.6199951171875,144.19000244140625,139.77000427246094,22284700,139.77000427246094
2013-11-08,140.60000610351562,132.32000732421875,136.47999572753906,137.9499969482422,22477900,137.9499969482422
2013-11-11,145.4199981689453,137.10000610351562,141.0,144.6999969482422,13997600,144.6999969482422
2013-11-12,144.6999969482422,136.17999267578125,144.69000244140625,137.8000030517578,14985200,137.8000030517578
2013-11-13,142.3699951171875,136.33999633789062,140.83999633789062,138.6999969482422,12658300,138.6999969482422
2013-11-14,140.39999389648438,134.11000061035156,138.9199981689453,137.60000610351562,12203700,137.60000610351562
2013-11-15,137.9499969482422,134.35000610351562,136.85000610351562,135.4499969482422,9900200,135.4499969482422
2013-11-18,135.4499969482422,119.61000061035156,135.27000427246094,121.58000183105469,23138200,121.58000183105469
2013-11-19,129.0,119.22000122070312,119.43000030517578,126.08999633789062,19816200,126.08999633789062
2013-11-20,127.44999694824219,119.05999755859375,126.08000183105469,121.11000061035156,13849600,121.11000061035156
2013-11-21,124.79000091552734,120.25,122.88999938964844,122.0999984741211,11903800,122.0999984741211
2013-11-22,122.75,117.93000030517578,121.58000183105469,121.37999725341797,11096700,121.37999725341797
2013-11-25,125.83999633789062,120.30000305175781,124.5,120.83999633789062,10267300,120.83999633789062
2013-11-26,122.72000122070312,116.0999984741211,119.37999725341797,120.5,13885500,120.5
2013-11-27,126.94999694824219,119.5199966430664,121.30999755859375,126.94000244140625,12367600,126.94000244140625
2013-11-29,130.58999633789062,126.9800033569336,129.77000427246094,127.27999877929688,9716200,127.27999877929688
2013-12-02,128.5500030517578,123.93000030517578,126.3499984741211,124.16999816894531,7751200,124.16999816894531
2013-12-03,144.94000244140625,131.58999633789062,132.67999267578125,144.6999969482422,25682400,144.6999969482422
2013-12-04,144.42999267578125,137.1300048828125,144.32000732421875,138.9499969482422,13147700,138.9499969482422
2013-12-05,143.35000610351562,139.5,140.14999389648438,140.47999572753906,9288400,140.47999572753906
2013-12-06,142.49000549316406,136.3000030517578,141.50999450683594,137.36000061035156,7909600,137.36000061035156
2013-12-09,141.6999969482422,134.2100067138672,137.0,141.60000610351562,9061500,141.60000610351562
2013-12-10,145.8699951171875,139.86000061035156,140.0500030517578,142.19000244140625,10748200,142.19000244140625
2013-12-11,143.0500030517578,139.49000549316406,141.8800048828125,139.64999389648438,7137800,139.64999389648438
2013-12-12,148.24000549316406,138.52999877929688,139.6999969482422,147.47000122070312,10767800,147.47000122070312
2013-12-13,151.8000030517578,147.32000732421875,148.0500030517578,147.64999389648438,10591900,147.64999389648438
2013-12-16,150.42999267578125,146.10000610351562,148.47999572753906,147.94000244140625,6675300,147.94000244140625
2013-12-17,154.6300048828125,146.32000732421875,147.5800018310547,152.4600067138672,10495000,152.4600067138672
2013-12-18,154.89999389648438,145.9499969482422,152.24000549316406,147.97999572753906,11581900,147.97999572753906
2013-12-19,147.0,139.10000610351562,146.89999389648438,140.72000122070312,12740000,140.72000122070312
2013-12-20,144.35000610351562,141.5800018310547,141.5800018310547,143.24000549316406,7412600,143.24000549316406
2013-12-23,146.24000549316406,142.60000610351562,144.85000610351562,143.5500030517578,5385500,143.5500030517578
2013-12-24,154.97000122070312,149.82000732421875,150.0,151.41000366210938,9941500,151.41000366210938
2013-12-26,158.0,154.2899932861328,155.0399932861328,155.5,7129500,155.5
2013-12-27,155.5,150.8000030517578,155.3000030517578,151.1199951171875,5460200,151.1199951171875
2013-12-30,154.80999755859375,150.75,151.1199951171875,152.44000244140625,4467500,152.44000244140625
2013-12-31,153.1999969482422,148.66000366210938,152.32000732421875,150.42999267578125,4262400,150.42999267578125
2014-01-02,152.47999572753906,146.5500030517578,149.8000030517578,150.10000610351562,6188400,150.10000610351562
2014-01-03,152.19000244140625,148.60000610351562,150.0,149.55999755859375,4695000,149.55999755859375
2014-01-06,150.39999389648438,145.24000549316406,150.0,147.0,5361100,147.0
2014-01-07,150.39999389648438,145.25,147.6199951171875,149.36000061035156,5034100,149.36000061035156
2014-01-08,153.6999969482422,148.75999450683594,148.85000610351562,151.27999877929688,6163200,151.27999877929688
2014-01-09,153.42999267578125,146.85000610351562,152.5,147.52999877929688,5382000,147.52999877929688
2014-01-10,148.89999389648438,142.25,148.4600067138672,145.72000122070312,7446100,145.72000122070312
2014-01-13,147.0,137.82000732421875,145.77999877929688,139.33999633789062,6316100,139.33999633789062
2014-01-14,162.0,136.6699981689453,140.5,161.27000427246094,27607000,161.27000427246094
2014-01-15,172.22999572753906,162.10000610351562,168.4499969482422,164.1300048828125,20465600,164.1300048828125
2014-01-16,172.6999969482422,162.39999389648438,162.5,170.97000122070312,11959400,170.97000122070312
2014-01-17,173.1999969482422,167.9499969482422,170.19000244140625,170.00999450683594,9206200,170.00999450683594
2014-01-21,177.2899932861328,170.80999755859375,171.24000549316406,176.67999267578125,9734700,176.67999267578125
2014-01-22,180.32000732421875,174.75999450683594,177.80999755859375,178.55999755859375,7022600,178.55999755859375
2014-01-23,182.3800048828125,173.4199981689453,177.22999572753906,181.5,7867400,181.5
2014-01-24,180.47999572753906,173.52999877929688,177.85000610351562,174.60000610351562,7664300,174.60000610351562
2014-01-27,177.9199981689453,164.7100067138672,175.16000366210938,169.6199951171875,8716400,169.6199951171875
2014-01-28,178.97999572753906,171.0,171.5,178.3800048828125,6093400,178.3800048828125
2014-01-29,179.08999633789062,173.1300048828125,175.3000030517578,175.22999572753906,5935500,175.22999572753906
2014-01-30,184.77999877929688,177.00999450683594,178.0,182.83999633789062,8565000,182.83999633789062
2014-01-31,186.0,178.50999450683594,178.85000610351562,181.41000366210938,6508800,181.41000366210938
2014-02-03,184.8800048828125,175.16000366210938,182.88999938964844,177.11000061035156,6764900,177.11000061035156
2014-02-04,181.60000610351562,176.1999969482422,180.6999969482422,178.72999572753906,4686300,178.72999572753906
2014-02-05,180.58999633789062,169.36000061035156,178.3000030517578,174.4199981689453,7268000,174.4199981689453
2014-02-06,180.11000061035156,176.0,176.3000030517578,178.3800048828125,5841600,178.3800048828125
2014-02-07,186.6300048828125,179.60000610351562,181.00999450683594,186.52999877929688,8928500,186.52999877929688
2014-02-10,199.3000030517578,189.32000732421875,189.33999633789062,196.55999755859375,12970700,196.55999755859375
2014-02-11,202.1999969482422,192.6999969482422,198.97000122070312,196.6199951171875,10709900,196.6199951171875
2014-02-12,198.27000427246094,194.32000732421875,195.77999877929688,195.32000732421875,5173700,195.32000732421875
2014-02-13,202.72000122070312,193.25,193.33999633789062,199.6300048828125,8029300,199.6300048828125
2014-02-14,201.8800048828125,197.0,198.10000610351562,198.22999572753906,6158000,198.22999572753906
2014-02-18,206.0,201.36000061035156,205.24000549316406,203.6999969482422,9332800,203.6999969482422
2014-02-19,203.6999969482422,193.41000366210938,203.6999969482422,193.63999938964844,16169000,193.63999938964844
2014-02-20,215.2100067138672,206.27000427246094,215.00999450683594,209.97000122070312,18002300,209.97000122070312
2014-02-21,213.97999572753906,209.19000244140625,211.63999938964844,209.60000610351562,7818800,209.60000610351562
2014-02-24,218.36000061035156,208.32000732421875,208.75999450683594,217.64999389648438,8278400,217.64999389648438
2014-02-25,259.20001220703125,228.4499969482422,230.0,248.0,32681700,248.0
2014-02-26,265.0,247.5,258.5799865722656,253.0,24604600,253.0
2014-02-27,261.8999938964844,248.3300018310547,261.25,252.5399932861328,17945800,252.5399932861328
2014-02-28,252.67999267578125,242.5500030517578,249.64999389648438,244.80999755859375,14589800,244.80999755859375
2014-03-03,251.64999389648438,234.99000549316406,237.25999450683594,250.55999755859375,13089300,250.55999755859375
2014-03-04,260.0,252.8300018310547,258.4800109863281,254.83999633789062,8745600,254.83999633789062
2014-03-05,256.989990234375,251.8000030517578,256.7200012207031,252.66000366210938,5935700,252.66000366210938
2014-03-06,257.5,249.4499969482422,254.13999938964844,252.94000244140625,7361100,252.94000244140625
2014-03-07,254.85000610351562,244.41000366210938,252.94000244140625,246.2100067138672,7812300,246.2100067138672
2014-03-10,243.0,236.05999755859375,242.6999969482422,238.83999633789062,7728100,238.83999633789062
2014-03-11,244.60000610351562,232.42999267578125,236.5,234.41000366210938,8810100,234.41000366210938
2014-03-12,247.5,231.11000061035156,231.5,241.49000549316406,9754400,241.49000549316406
2014-03-13,244.19000244140625,234.0,243.7899932861328,237.7899932861328,6236300,237.7899932861328
2014-03-14,236.94000244140625,228.32000732421875,235.2899932861328,230.97000122070312,8289700,230.97000122070312
2014-03-17,237.92999267578125,230.5,234.9499969482422,233.97999572753906,5912600,233.97999572753906
2014-03-18,241.5,235.02000427246094,236.9499969482422,240.0399932861328,6242300,240.0399932861328
2014-03-19,241.5500030517578,233.50999450683594,241.38999938964844,235.83999633789062,5071300,235.83999633789062
2014-03-20,239.25,233.36000061035156,236.16000366210938,234.91000366210938,3817900,234.91000366210938
2014-03-21,236.1999969482422,227.5,236.02000427246094,228.88999938964844,8216900,228.88999938964844
2014-03-24,229.89999389648438,210.27000427246094,229.75,220.1699981689453,11328800,220.1699981689453
2014-03-25,227.0500030517578,217.89999389648438,224.13999938964844,220.44000244140625,7865400,220.44000244140625
2014-03-26,222.60000610351562,211.35000610351562,221.9499969482422,212.9600067138672,6907300,212.9600067138672
2014-03-27,213.60000610351562,203.0,212.3699951171875,207.32000732421875,9495700,207.32000732421875
2014-03-28,216.72000122070312,210.27000427246094,212.8000030517578,212.3699951171875,9684800,212.3699951171875
2014-03-31,216.75,206.38999938964844,216.5,208.4499969482422,8380000,208.4499969482422
2014-04-01,218.16000366210938,208.5800018310547,209.02000427246094,216.97000122070312,7371400,216.97000122070312
2014-04-02,230.88999938964844,218.0500030517578,220.0,230.2899932861328,10782300,230.2899932861328
2014-04-03,235.72999572753906,222.0,230.3000030517578,225.39999389648438,10923700,225.39999389648438
2014-04-04,228.27000427246094,211.25,226.00999450683594,212.22999572753906,11345600,212.22999572753906
2014-04-07,216.1999969482422,203.50999450683594,205.80999755859375,207.52000427246094,9855500,207.52000427246094
2014-04-08,216.49000549316406,206.4199981689453,210.0500030517578,215.4600067138672,6889300,215.4600067138672
2014-04-09,218.4499969482422,210.88999938964844,216.75999450683594,216.92999267578125,5157900,216.92999267578125
2014-04-10,217.5,203.7899932861328,216.82000732421875,204.19000244140625,7211500,204.19000244140625
2014-04-11,207.0,198.60000610351562,200.61000061035156,203.77999877929688,9067200,203.77999877929688
2014-04-14,208.44000244140625,194.41000366210938,207.60000610351562,198.08999633789062,7703000,198.08999633789062
2014-04-15,199.2899932861328,184.32000732421875,199.08999633789062,193.91000366210938,13659300,193.91000366210938
2014-04-16,199.99000549316406,190.82000732421875,197.0,199.11000061035156,7202200,199.11000061035156
2014-04-17,202.2899932861328,194.0800018310547,199.61000061035156,198.1199951171875,5926800,198.1199951171875
2014-04-21,206.1999969482422,194.0,197.0800018310547,204.3800048828125,5258200,204.3800048828125
2014-04-22,219.3300018310547,205.00999450683594,206.36000061035156,218.63999938964844,9804700,218.63999938964844
2014-04-23,216.74000549316406,207.0,216.3300018310547,207.99000549316406,7295600,207.99000549316406
2014-04-24,212.8000030517578,203.1999969482422,210.80999755859375,207.86000061035156,5495200,207.86000061035156
2014-04-25,206.6999969482422,197.64999389648438,202.0,199.85000610351562,6996700,199.85000610351562
2014-04-28,203.7899932861328,190.5,200.0,198.50999450683594,7042000,198.50999450683594
2014-04-29,207.14999389648438,195.52999877929688,198.2100067138672,206.9199981689453,5779100,206.9199981689453
2014-04-30,208.16000366210938,201.27999877929688,203.60000610351562,207.88999938964844,4440600,207.88999938964844
2014-05-01,214.02000427246094,205.69000244140625,207.0800018310547,207.72999572753906,5439900,207.72999572753906
2014-05-02,211.36000061035156,206.52000427246094,208.60000610351562,210.91000366210938,4086800,210.91000366210938
2014-05-05,217.69000244140625,208.52000427246094,209.47999572753906,216.61000061035156,5147000,216.61000061035156
2014-05-06,218.66000366210938,206.85000610351562,216.60000610351562,207.27999877929688,5636700,207.27999877929688
2014-05-07,210.1999969482422,197.25,209.63999938964844,201.35000610351562,10179300,201.35000610351562
2014-05-08,194.39999389648438,178.0,182.0,178.58999633789062,20056600,178.58999633789062
2014-05-09,183.39999389648438,177.22000122070312,179.86000061035156,182.25999450683594,8495200,182.25999450683594
2014-05-12,187.19000244140625,179.8800048828125,183.8699951171875,184.6699981689453,7002300,184.6699981689453
2014-05-13,191.33999633789062,183.0,183.75999450683594,190.16000366210938,7097200,190.16000366210938
2014-05-14,193.47999572753906,187.10000610351562,188.9499969482422,190.6199951171875,5406700,190.6199951171875
2014-05-15,192.66000366210938,185.3000030517578,189.97999572753906,188.58999633789062,6040400,188.58999633789062
2014-05-16,192.0399932861328,187.72000122070312,188.9499969482422,191.55999755859375,4487700,191.55999755859375
2014-05-19,196.88999938964844,190.0,190.72000122070312,196.08999633789062,4571700,196.08999633789062
2014-05-20,199.3300018310547,193.07000732421875,196.94000244140625,195.3000030517578,5546100,195.3000030517578
2014-05-21,199.8699951171875,194.7899932861328,196.17999267578125,199.4499969482422,5285400,199.4499969482422
2014-05-22,206.8800048828125,199.55999755859375,200.35000610351562,204.8800048828125,6214500,204.8800048828125
2014-05-23,207.75999450683594,202.5,204.52999877929688,207.3000030517578,4006800,207.3000030517578
2014-05-27,213.8699951171875,207.6999969482422,208.52000427246094,211.55999755859375,5341100,211.55999755859375
2014-05-28,212.77000427246094,205.25999450683594,210.02000427246094,210.24000549316406,5495100,210.24000549316406
2014-05-29,212.49000549316406,207.72000122070312,210.57000732421875,210.24000549316406,3692500,210.24000549316406
2014-05-30,214.8000030517578,207.02000427246094,210.3000030517578,207.77000427246094,5581100,207.77000427246094
2014-06-02,209.35000610351562,201.6699981689453,207.3300018310547,204.6999969482422,4668100,204.6999969482422
2014-06-03,208.0,202.58999633789062,203.49000549316406,204.94000244140625,3860800,204.94000244140625
2014-06-04,206.25999450683594,200.39999389648438,204.35000610351562,203.99000549316406,3427400,203.99000549316406
2014-06-05,209.1999969482422,204.0500030517578,204.47000122070312,206.89999389648438,4054600,206.89999389648438
2014-06-06,210.80999755859375,207.17999267578125,209.75,208.1699981689453,3073800,208.1699981689453
2014-06-09,209.99000549316406,204.1999969482422,207.9499969482422,205.30999755859375,2805700,205.30999755859375
2014-06-10,206.97000122070312,201.5500030517578,204.42999267578125,202.3000030517578,3514700,202.3000030517578
2014-06-11,205.0,199.25,201.5,204.47000122070312,3977500,204.47000122070312
2014-06-12,209.8800048828125,202.7100067138672,205.10000610351562,203.52000427246094,5993700,203.52000427246094
2014-06-13,206.7899932861328,201.5800018310547,204.77999877929688,206.4199981689453,3544300,206.4199981689453
2014-06-16,225.49000549316406,206.25999450683594,206.75999450683594,224.61000061035156,13246400,224.61000061035156
2014-06-17,235.5399932861328,222.85000610351562,224.11000061035156,231.6699981689453,13304900,231.6699981689453
2014-06-18,231.7100067138672,226.1199951171875,231.5,227.1199951171875,6940200,227.1199951171875
2014-06-19,235.30999755859375,227.0,228.8800048828125,227.7899932861328,8793100,227.7899932861328
2014-06-20,231.2899932861328,226.1999969482422,228.52000427246094,229.58999633789062,4903900,229.58999633789062
2014-06-23,238.99000549316406,228.22000122070312,229.50999450683594,237.22000122070312,7791100,237.22000122070312
2014-06-24,241.8800048828125,231.6300048828125,238.97000122070312,232.5,8075900,232.5
2014-06-25,237.5500030517578,230.24000549316406,233.0500030517578,236.88999938964844,5801600,236.88999938964844
2014-06-26,240.39999389648438,234.2100067138672,237.1699981689453,235.60000610351562,5121400,235.60000610351562
2014-06-27,240.0,234.5,234.69000244140625,239.05999755859375,5635000,239.05999755859375
2014-06-30,244.49000549316406,239.0,239.5500030517578,240.05999755859375,4828600,240.05999755859375
2014-07-01,243.44000244140625,238.6999969482422,242.4600067138672,239.72000122070312,4336100,239.72000122070312
2014-07-02,242.3300018310547,227.07000732421875,240.66000366210938,229.42999267578125,8027400,229.42999267578125
2014-07-03,231.89999389648438,224.0,231.2899932861328,229.25,5166700,229.25
2014-07-07,229.77999877929688,220.39999389648438,227.5,222.66000366210938,5893700,222.66000366210938
2014-07-08,220.9600067138672,214.27000427246094,218.64999389648438,219.07000732421875,7836200,219.07000732421875
2014-07-09,224.22000122070312,219.2100067138672,221.27000427246094,223.05999755859375,4115400,223.05999755859375
2014-07-10,222.22000122070312,216.0399932861328,217.17999267578125,219.4600067138672,4863900,219.4600067138672
2014-07-11,221.60000610351562,217.60000610351562,220.61000061035156,218.1300048828125,3302300,218.1300048828125
2014-07-14,228.7899932861328,215.4499969482422,219.99000549316406,226.6999969482422,7203200,226.6999969482422
2014-07-15,227.64999389648438,218.10000610351562,226.72999572753906,219.5800018310547,5718500,219.5800018310547
2014-07-16,224.8000030517578,216.82000732421875,221.82000732421875,217.16000366210938,4044500,217.16000366210938
2014-07-17,220.5500030517578,213.60000610351562,216.16000366210938,215.39999389648438,4649400,215.39999389648438
2014-07-18,221.2100067138672,215.92999267578125,215.9499969482422,220.02000427246094,4253700,220.02000427246094
2014-07-21,223.2100067138672,216.72000122070312,217.25,220.5399932861328,3822200,220.5399932861328
2014-07-22,223.3000030517578,219.11000061035156,222.19000244140625,219.5800018310547,2730000,219.5800018310547
2014-07-23,224.75,219.42999267578125,220.00999450683594,222.49000549316406,3083300,222.49000549316406
2014-07-24,225.10000610351562,220.8000030517578,223.25,223.5399932861328,3245500,223.5399932861328
2014-07-25,226.97000122070312,221.75,222.72000122070312,223.57000732421875,3087100,223.57000732421875
2014-07-28,232.0,221.39999389648438,224.25,224.82000732421875,6514300,224.82000732421875
2014-07-29,228.3000030517578,224.86000061035156,226.61000061035156,225.00999450683594,3382400,225.00999450683594
2014-07-30,229.60000610351562,221.0399932861328,221.9199981689453,228.9199981689453,4927800,228.9199981689453
2014-07-31,231.39999389648438,221.5,229.25999450683594,223.3000030517578,7749100,223.3000030517578
2014-08-01,237.5,226.0,226.08999633789062,233.27000427246094,11895800,233.27000427246094
2014-08-04,240.5,233.27000427246094,234.3800048828125,238.52000427246094,5959700,238.52000427246094
2014-08-05,242.99000549316406,235.69000244140625,237.47000122070312,238.49000549316406,5388600,238.49000549316406
2014-08-06,251.4199981689453,238.5800018310547,238.89999389648438,248.92999267578125,9249300,248.92999267578125
2014-08-07,256.69000244140625,249.1199951171875,250.1199951171875,252.38999938964844,7478900,252.38999938964844
2014-08-08,251.75999450683594,246.5,251.16000366210938,248.1300048828125,5090100,248.1300048828125
2014-08-11,263.739990234375,255.0,255.47999572753906,259.32000732421875,8101300,259.32000732421875
2014-08-12,260.29998779296875,254.5800018310547,258.0799865722656,259.9599914550781,6382300,259.9599914550781
2014-08-13,265.6400146484375,259.6099853515625,262.010009765625,260.30999755859375,6932600,260.30999755859375
2014-08-14,263.0,256.5,262.489990234375,261.3800048828125,4126600,261.3800048828125
2014-08-15,262.0899963378906,258.5,261.4800109863281,262.010009765625,3867900,262.010009765625
2014-08-18,267.260009765625,259.75,263.25,259.94000244140625,5849200,259.94000244140625
2014-08-19,259.3299865722656,251.6199951171875,258.8699951171875,256.760009765625,5334800,256.760009765625
2014-08-20,258.739990234375,253.0,254.6699981689453,255.7100067138672,3027900,255.7100067138672
2014-08-21,258.79998779296875,253.25999450683594,256.5199890136719,254.33999633789062,2915600,254.33999633789062
2014-08-22,256.95001220703125,252.61000061035156,254.5399932861328,256.7799987792969,2833400,256.7799987792969
2014-08-25,263.67999267578125,258.19000244140625,258.19000244140625,262.54998779296875,4318100,262.54998779296875
2014-08-26,265.5,261.6600036621094,264.9800109863281,261.739990234375,3818000,261.739990234375
2014-08-27,264.239990234375,260.2900085449219,263.5,263.25,2985100,263.25
2014-08-28,264.4800109863281,261.6400146484375,261.8900146484375,263.8599853515625,2844900,263.8599853515625
2014-08-29,272.0,267.510009765625,268.70001220703125,269.70001220703125,6447100,269.70001220703125
2014-09-02,284.8900146484375,274.29998779296875,275.5,284.1199951171875,9852400,284.1199951171875
2014-09-03,288.0,280.1000061035156,287.6700134277344,281.19000244140625,6772300,281.19000244140625
2014-09-04,291.4200134277344,280.3999938964844,284.010009765625,286.0400085449219,8341700,286.0400085449219
2014-09-05,282.8999938964844,272.510009765625,282.54998779296875,277.3900146484375,11169900,277.3900146484375
2014-09-08,284.8800048828125,277.5199890136719,277.6199951171875,282.1099853515625,5501600,282.1099853515625
2014-09-09,285.489990234375,277.0,282.989990234375,278.4800109863281,4558800,278.4800109863281
2014-09-10,281.4100036621094,273.6600036621094,279.5,281.1000061035156,3781300,281.1000061035156
2014-09-11,284.7900085449219,278.6300048828125,280.4599914550781,280.30999755859375,3766100,280.30999755859375
2014-09-12,282.3900146484375,277.0,280.5,279.20001220703125,3324600,279.20001220703125
2014-09-15,274.3999938964844,249.1300048828125,274.3699951171875,253.86000061035156,16455400,253.86000061035156
2014-09-16,262.4599914550781,252.4199981689453,255.14999389648438,260.739990234375,8300100,260.739990234375
2014-09-17,264.70001220703125,259.5,262.4100036621094,261.3800048828125,5177700,261.3800048828125
2014-09-18,265.6000061035156,262.32000732421875,263.3599853515625,263.82000732421875,3692600,263.82000732421875
2014-09-19,261.42999267578125,255.27000427246094,257.989990234375,259.32000732421875,6810900,259.32000732421875
2014-09-22,256.0199890136719,244.7100067138672,255.0,250.02999877929688,8214100,250.02999877929688
2014-09-23,253.8000030517578,245.0,245.22000122070312,250.41000366210938,5658700,250.41000366210938
2014-09-24,252.83999633789062,247.0399932861328,251.1199951171875,252.13999938964844,3749500,252.13999938964844
2014-09-25,254.9600067138672,246.10000610351562,252.52000427246094,246.9499969482422,4834200,246.9499969482422
2014-09-26,249.72999572753906,246.07000732421875,248.25,246.60000610351562,3795400,246.60000610351562
2014-09-29,248.63999938964844,241.3800048828125,244.0,245.25999450683594,4852700,245.25999450683594
2014-09-30,247.64999389648438,240.1199951171875,246.9199981689453,242.67999267578125,4238300,242.67999267578125
2014-10-01,242.66000366210938,235.64999389648438,242.1999969482422,240.24000549316406,5941700,240.24000549316406
2014-10-02,252.7899932861328,245.36000061035156,250.1999969482422,251.4199981689453,8998200,251.4199981689453
2014-10-03,256.5,251.02999877929688,253.05999755859375,255.2100067138672,5406300,255.2100067138672
2014-10-06,262.489990234375,257.79998779296875,259.1300048828125,260.6199951171875,7713300,260.6199951171875
2014-10-07,261.4599914550781,255.72999572753906,258.5299987792969,259.57000732421875,4485500,259.57000732421875
2014-10-08,262.8800048828125,252.63999938964844,260.1000061035156,259.2799987792969,5055100,259.2799987792969
2014-10-09,265.5400085449219,254.39999389648438,262.25,257.010009765625,7361300,257.010009765625
2014-10-10,245.88999938964844,235.1999969482422,244.63999938964844,236.91000366210938,12888300,236.91000366210938
2014-10-13,238.9600067138672,221.0,238.57000732421875,224.58999633789062,11268700,224.58999633789062
2014-10-14,232.47000122070312,223.0,228.25,227.05999755859375,7105300,227.05999755859375
2014-10-15,230.99000549316406,217.32000732421875,220.0,229.6999969482422,9147300,229.6999969482422
2014-10-16,229.9199981689453,219.10000610351562,219.72000122070312,226.35000610351562,5399300,226.35000610351562
2014-10-17,234.77000427246094,226.5500030517578,233.3800048828125,227.47999572753906,10549400,227.47999572753906
2014-10-20,232.39999389648438,225.50999450683594,226.72000122070312,230.47000122070312,3494400,230.47000122070312
2014-10-21,235.38999938964844,230.8000030517578,234.27000427246094,235.33999633789062,4130300,235.33999633789062
2014-10-22,237.38999938964844,230.55999755859375,233.19000244140625,231.10000610351562,4116600,231.10000610351562
2014-10-23,236.27999877929688,232.0,234.66000366210938,235.2899932861328,3492400,235.2899932861328
2014-10-24,237.8000030517578,231.1999969482422,236.27000427246094,235.24000549316406,3463300,235.24000549316406
2014-10-27,234.61000061035156,220.30999755859375,234.25,221.6699981689453,9553300,221.6699981689453
2014-10-28,244.60000610351562,228.25,229.60000610351562,242.77000427246094,10516300,242.77000427246094
2014-10-29,241.5,235.63999938964844,241.1300048828125,238.10000610351562,4962500,238.10000610351562
2014-10-30,240.5,235.05999755859375,238.13999938964844,238.66000366210938,3228400,238.66000366210938
2014-10-31,243.1199951171875,238.75,242.50999450683594,241.6999969482422,3775300,241.6999969482422
2014-11-03,247.55999755859375,241.32000732421875,243.0,242.58999633789062,4203800,242.58999633789062
2014-11-04,242.35000610351562,236.52999877929688,240.49000549316406,238.92999267578125,3682600,238.92999267578125
2014-11-05,241.36000061035156,230.52999877929688,241.0,230.97000122070312,9045900,230.97000122070312
2014-11-06,246.69000244140625,228.5,234.49000549316406,241.22000122070312,15354700,241.22000122070312
2014-11-07,242.83999633789062,237.1999969482422,242.19000244140625,240.1999969482422,5161000,240.1999969482422
2014-11-10,242.8800048828125,236.8000030517578,239.11000061035156,241.92999267578125,4577200,241.92999267578125
2014-11-11,251.82000732421875,242.0,242.5500030517578,251.0800018310547,7948800,251.0800018310547
2014-11-12,252.33999633789062,245.5800018310547,249.72000122070312,249.10000610351562,5870800,249.10000610351562
2014-11-13,255.75,250.25,250.6199951171875,251.6999969482422,6236000,251.6999969482422
2014-11-14,258.8500061035156,248.5,250.0,258.67999267578125,6101100,258.67999267578125
2014-11-17,259.0,252.02000427246094,257.489990234375,253.97999572753906,4025700,253.97999572753906
2014-11-18,259.989990234375,255.50999450683594,255.86000061035156,257.70001220703125,4473000,257.70001220703125
2014-11-19,251.8800048828125,245.60000610351562,250.61000061035156,247.74000549316406,7918500,247.74000549316406
2014-11-20,250.92999267578125,246.0,247.9499969482422,248.7100067138672,3587200,248.7100067138672
2014-11-21,252.77999877929688,242.1699981689453,252.2100067138672,242.77999877929688,7485100,242.77999877929688
2014-11-24,247.60000610351562,240.63999938964844,245.1999969482422,246.72000122070312,4789700,246.72000122070312
2014-11-25,249.72000122070312,246.08999633789062,247.35000610351562,248.08999633789062,3159800,248.08999633789062
2014-11-26,249.0,246.60000610351562,248.33999633789062,248.44000244140625,1981200,248.44000244140625
2014-11-28,246.69000244140625,242.52000427246094,245.35000610351562,244.52000427246094,2119700,244.52000427246094
2014-12-01,242.47000122070312,229.00999450683594,241.16000366210938,231.63999938964844,8619400,231.63999938964844
2014-12-02,234.8800048828125,228.0,234.57000732421875,231.42999267578125,5887000,231.42999267578125
2014-12-03,229.72000122070312,225.5,226.25,229.3000030517578,5307700,229.3000030517578
2014-12-04,230.89999389648438,227.80999755859375,228.60000610351562,228.27999877929688,3855600,228.27999877929688
2014-12-05,229.38999938964844,222.25999450683594,228.6699981689453,223.7100067138672,6063600,223.7100067138672
2014-12-08,224.86000061035156,212.33999633789062,221.5399932861328,214.36000061035156,9225600,214.36000061035156
2014-12-09,217.72999572753906,204.27000427246094,209.33999633789062,216.88999938964844,9431500,216.88999938964844
2014-12-10,216.77000427246094,207.6999969482422,214.1300048828125,209.83999633789062,7314100,209.83999633789062
2014-12-11,215.42999267578125,208.22999572753906,210.52999877929688,208.8800048828125,6694400,208.8800048828125
2014-12-12,211.67999267578125,204.5,204.82000732421875,207.0,7173800,207.0
2014-12-15,209.8000030517578,202.6699981689453,209.2899932861328,204.0399932861328,5218300,204.0399932861328
2014-12-16,203.67999267578125,195.3699951171875,200.88999938964844,197.80999755859375,8426100,197.80999755859375
2014-12-17,206.64999389648438,192.64999389648438,193.05999755859375,205.82000732421875,7367800,205.82000732421875
2014-12-18,218.44000244140625,211.8000030517578,212.3800048828125,218.25999450683594,7483300,218.25999450683594
2014-12-19,220.39999389648438,214.5,220.19000244140625,219.2899932861328,6910500,219.2899932861328
2014-12-22,224.05999755859375,218.25999450683594,220.0,222.60000610351562,4799400,222.60000610351562
2014-12-23,224.32000732421875,219.52000427246094,223.80999755859375,220.97000122070312,4505700,220.97000122070312
2014-12-24,222.5,219.25,219.77000427246094,222.25999450683594,1332200,222.25999450683594
2014-12-26,228.5,221.5,221.50999450683594,227.82000732421875,3327000,227.82000732421875
2014-12-29,227.91000366210938,224.02000427246094,226.89999389648438,225.7100067138672,2802500,225.7100067138672
2014-12-30,225.64999389648438,221.39999389648438,223.99000549316406,222.22999572753906,2903200,222.22999572753906
2014-12-31,225.67999267578125,222.25,223.08999633789062,222.41000366210938,2402100,222.41000366210938
2015-01-02,223.25,213.25999450683594,222.8699951171875,219.30999755859375,4764400,219.30999755859375
